timestamp,percentage,pool,aquapark
2025-02-08 21:58:29,1,5,0
2025-02-08 22:13:30,1,5,0
2025-02-08 22:28:31,1,5,0
2025-02-08 22:43:31,1,5,0
2025-02-08 22:58:35,0,0,0
2025-02-08 23:13:36,0,0,0
2025-02-08 23:28:37,0,0,0
2025-02-08 23:58:48,0,0,0
2025-02-09 00:13:49,0,0,0
2025-02-09 00:28:50,0,0,0
2025-02-09 00:43:50,0,0,0
2025-02-09 00:58:51,0,0,0
2025-02-09 01:13:52,0,0,0
2025-02-09 01:28:54,0,0,0
2025-02-09 01:43:54,0,0,0
2025-02-09 01:58:55,0,0,0
2025-02-09 02:13:55,0,0,0
2025-02-09 02:28:56,0,0,0
2025-02-09 02:43:58,0,0,0
2025-02-09 02:58:59,0,0,0
2025-02-09 03:14:00,0,0,0
2025-02-09 03:29:01,0,0,0
2025-02-09 03:44:02,0,0,0
2025-02-09 03:59:03,0,0,0
2025-02-09 04:14:04,0,0,0
2025-02-09 04:29:05,0,0,0
2025-02-09 04:44:05,0,0,0
2025-02-09 04:59:07,0,0,0
2025-02-09 05:14:07,0,0,0
2025-02-09 05:29:08,0,0,0
2025-02-09 05:44:10,0,0,0
2025-02-09 05:59:11,0,0,0
2025-02-09 06:14:12,0,0,0
2025-02-09 06:29:13,0,0,0
2025-02-09 06:44:13,0,0,0
2025-02-09 06:59:14,0,0,0
2025-02-09 07:14:15,0,0,0
2025-02-09 07:29:16,0,0,0
2025-02-09 07:44:17,0,0,0
2025-02-09 07:59:18,0,0,0
2025-02-09 08:14:20,0,0,0
2025-02-09 08:29:21,0,0,0
2025-02-09 08:44:21,0,0,0
2025-02-09 08:59:22,0,0,0
2025-02-09 09:14:23,18,87,5
2025-02-09 09:29:24,34,136,35
2025-02-09 09:44:25,52,165,93
2025-02-09 09:59:25,59,153,143
2025-02-09 10:14:26,71,213,142
2025-02-09 10:29:29,76,255,125
2025-02-09 10:44:29,73,208,158
2025-02-09 10:59:30,75,205,170
2025-02-09 11:14:31,77,249,138
2025-02-09 11:29:31,71,216,139
2025-02-09 11:44:33,64,189,131
2025-02-09 11:59:34,61,177,126
2025-02-09 12:14:35,60,165,137
2025-02-09 12:29:36,61,173,133
2025-02-09 12:44:37,60,169,129
2025-02-09 12:59:38,61,169,137
2025-02-09 13:14:38,66,185,144
2025-02-09 13:29:39,66,195,133
2025-02-09 13:44:40,61,162,141
2025-02-09 13:59:41,64,184,135
2025-02-09 14:14:41,63,169,146
2025-02-09 14:29:42,70,199,151
2025-02-09 14:44:43,73,178,186
2025-02-09 14:59:44,75,199,176
2025-02-09 15:14:44,74,208,162
2025-02-09 15:29:46,77,228,158
2025-02-09 15:44:47,79,230,164
2025-02-09 15:59:48,81,278,126
2025-02-09 16:14:49,82,266,145
2025-02-09 16:29:50,81,238,167
2025-02-09 16:44:51,72,213,148
2025-02-09 16:59:54,71,262,91
2025-02-09 17:14:54,64,218,103
2025-02-09 17:29:55,60,208,92
2025-02-09 17:44:56,61,227,76
2025-02-09 17:59:58,60,224,77
2025-02-09 18:14:59,58,221,68
2025-02-09 18:30:00,55,208,66
2025-02-09 18:45:02,49,174,73
2025-02-09 19:00:03,44,163,56
2025-02-09 19:15:03,40,168,32
2025-02-09 19:30:04,33,139,28
2025-02-09 19:45:05,31,130,23
2025-02-09 20:00:06,22,102,10
2025-02-09 20:15:07,17,77,8
2025-02-09 20:30:07,11,51,2
2025-02-09 20:45:08,7,36,0
2025-02-09 21:00:09,2,9,0
2025-02-09 21:15:10,2,8,0
2025-02-09 21:30:11,2,8,0
2025-02-09 21:45:11,2,8,0
2025-02-09 22:00:12,2,8,0
2025-02-09 22:15:13,2,8,0
2025-02-09 22:45:24,2,8,0
2025-02-09 23:00:26,0,0,0
2025-02-09 23:15:26,0,0,0
2025-02-09 23:30:27,0,0,0
2025-02-10 00:00:39,0,0,0
2025-02-10 00:15:39,0,0,0
2025-02-10 00:30:41,0,0,0
2025-02-10 00:45:44,0,0,0
2025-02-10 01:00:45,0,0,0
2025-02-10 01:15:45,0,0,0
2025-02-10 01:30:46,0,0,0
2025-02-10 01:45:47,0,0,0
2025-02-10 02:00:49,0,0,0
2025-02-10 02:15:50,0,0,0
2025-02-10 02:30:51,0,0,0
2025-02-10 02:45:51,0,0,0
2025-02-10 03:00:52,0,0,0
2025-02-10 03:15:53,0,0,0
2025-02-10 03:30:54,0,0,0
2025-02-10 03:45:54,0,0,0
2025-02-10 04:00:55,0,0,0
2025-02-10 04:15:56,0,0,0
2025-02-10 04:30:57,0,0,0
2025-02-10 04:45:58,0,0,0
2025-02-10 05:00:58,0,0,0
2025-02-10 05:16:00,9,46,0
2025-02-10 05:31:01,11,56,0
2025-02-10 05:46:03,12,58,0
2025-02-10 06:01:04,13,66,0
2025-02-10 06:16:05,13,64,0
2025-02-10 06:31:06,11,53,0
2025-02-10 06:46:07,18,89,0
2025-02-10 07:01:08,19,95,0
2025-02-10 07:16:09,18,90,0
2025-02-10 07:31:09,17,86,0
2025-02-10 07:46:10,28,138,0
2025-02-10 08:01:11,22,110,0
2025-02-10 08:16:12,22,105,5
2025-02-10 08:31:12,20,95,6
2025-02-10 08:46:14,21,100,5
2025-02-10 09:01:15,21,99,5
2025-02-10 09:16:16,35,168,5
2025-02-10 09:31:17,35,174,1
2025-02-10 09:46:17,37,183,3
2025-02-10 10:01:18,28,133,6
2025-02-10 10:16:19,39,191,6
2025-02-10 10:31:20,39,195,1
2025-02-10 10:46:20,39,193,1
2025-02-10 11:01:21,38,189,1
2025-02-10 11:16:22,38,190,1
2025-02-10 11:31:23,39,195,1
2025-02-10 11:46:24,41,203,1
2025-02-10 12:01:25,41,202,1
2025-02-10 12:16:25,42,209,1
2025-02-10 12:31:26,40,200,0
2025-02-10 12:46:27,40,201,0
2025-02-10 13:01:28,43,208,5
2025-02-10 13:16:28,50,213,38
2025-02-10 13:31:29,58,227,61
2025-02-10 13:46:30,44,141,81
2025-02-10 14:01:31,46,143,85
2025-02-10 14:16:31,48,163,75
2025-02-10 14:31:33,58,216,73
2025-02-10 14:46:34,58,219,73
2025-02-10 15:01:35,64,226,93
2025-02-10 15:16:36,69,244,102
2025-02-10 15:31:37,70,251,99
2025-02-10 15:46:39,63,232,84
2025-02-10 16:01:40,65,247,78
2025-02-10 16:16:41,66,253,75
2025-02-10 16:31:41,57,209,77
2025-02-10 16:46:43,49,170,74
2025-02-10 17:01:44,54,207,65
2025-02-10 17:16:45,51,183,73
2025-02-10 17:31:47,48,175,64
2025-02-10 17:46:48,45,176,51
2025-02-10 18:01:49,47,197,36
2025-02-10 18:16:50,45,175,51
2025-02-10 18:31:52,44,176,44
2025-02-10 18:46:55,41,173,33
2025-02-10 19:01:56,37,158,29
2025-02-10 19:16:56,34,145,24
2025-02-10 19:31:57,30,127,23
2025-02-10 19:46:58,28,131,8
2025-02-10 20:01:59,20,89,11
2025-02-10 20:16:59,13,58,8
2025-02-10 20:32:00,10,50,2
2025-02-10 20:47:02,5,27,0
2025-02-10 21:02:03,2,9,0
2025-02-10 21:17:04,2,9,0
2025-02-10 21:32:05,2,9,0
2025-02-10 21:47:05,2,9,0
2025-02-10 22:02:07,2,9,0
2025-02-10 22:17:08,2,9,0
2025-02-10 22:32:09,2,9,0
2025-02-10 22:47:10,2,9,0
2025-02-10 23:02:11,0,0,0
2025-02-10 23:17:11,0,0,0
2025-02-10 23:32:12,0,0,0
2025-02-10 23:47:14,0,0,0
2025-02-11 00:02:15,0,0,0
2025-02-11 00:17:16,0,0,0
2025-02-11 00:32:16,0,0,0
2025-02-11 00:47:18,0,0,0
2025-02-11 01:02:19,0,0,0
2025-02-11 01:17:21,0,0,0
2025-02-11 01:32:22,0,0,0
2025-02-11 01:47:23,0,0,0
2025-02-11 02:02:24,0,0,0
2025-02-11 02:17:24,0,0,0
2025-02-11 02:32:25,0,0,0
2025-02-11 02:47:27,0,0,0
2025-02-11 03:02:28,0,0,0
2025-02-11 03:17:29,0,0,0
2025-02-11 03:32:31,0,0,0
2025-02-11 03:47:32,0,0,0
2025-02-11 04:02:33,0,0,0
2025-02-11 04:17:34,0,0,0
2025-02-11 04:32:34,0,0,0
2025-02-11 04:47:37,0,0,0
2025-02-11 05:02:37,0,0,0
2025-02-11 05:17:39,11,57,0
2025-02-11 05:32:40,12,62,0
2025-02-11 05:47:42,14,68,0
2025-02-11 06:02:43,15,73,0
2025-02-11 06:17:44,16,79,0
2025-02-11 06:32:45,15,75,0
2025-02-11 06:47:45,19,95,0
2025-02-11 07:02:46,21,104,0
2025-02-11 07:17:48,20,98,0
2025-02-11 07:32:50,23,116,0
2025-02-11 07:47:50,22,112,0
2025-02-11 08:02:51,22,112,0
2025-02-11 08:17:51,23,115,1
2025-02-11 08:32:54,23,113,1
2025-02-11 08:47:55,22,108,1
2025-02-11 09:02:56,23,111,2
2025-02-11 09:17:56,18,87,1
2025-02-11 09:32:57,19,96,0
2025-02-11 09:47:58,21,102,1
2025-02-11 10:02:58,18,89,2
2025-02-11 10:18:00,18,88,2
2025-02-11 10:33:01,17,84,1
2025-02-11 10:48:01,15,76,0
2025-02-11 11:03:03,13,67,0
2025-02-11 11:18:04,13,65,0
2025-02-11 11:33:05,14,69,0
2025-02-11 11:48:05,23,92,21
2025-02-11 12:03:06,30,115,34
2025-02-11 12:18:07,30,116,34
2025-02-11 12:33:08,29,112,34
2025-02-11 12:48:08,35,142,34
2025-02-11 13:03:11,38,187,3
2025-02-11 13:18:12,39,139,54
2025-02-11 13:33:16,37,121,66
2025-02-11 13:48:17,37,112,71
2025-02-11 14:03:18,42,139,71
2025-02-11 14:18:18,40,124,77
2025-02-11 14:33:20,42,129,82
2025-02-11 14:48:22,44,129,90
2025-02-11 15:03:23,47,156,79
2025-02-11 15:18:23,47,159,74
2025-02-11 15:33:24,45,160,65
2025-02-11 15:48:26,45,166,60
2025-02-11 16:03:28,52,193,69
2025-02-11 16:18:29,52,195,63
2025-02-11 16:33:30,54,199,71
2025-02-11 16:48:30,57,212,75
2025-02-11 17:03:32,62,228,84
2025-02-11 17:18:33,58,215,75
2025-02-11 17:33:34,56,219,60
2025-02-11 17:48:34,52,205,53
2025-02-11 18:03:35,47,174,60
2025-02-11 18:18:36,48,182,56
2025-02-11 18:33:38,44,172,48
2025-02-11 18:48:39,41,157,48
2025-02-11 19:03:41,44,189,29
2025-02-11 19:18:42,38,164,25
2025-02-11 19:33:43,36,153,27
2025-02-11 19:48:44,33,135,30
2025-02-11 20:03:45,28,112,27
2025-02-11 20:18:45,22,86,26
2025-02-11 20:33:46,15,57,16
2025-02-11 20:48:47,10,49,1
2025-02-11 21:03:48,1,6,0
2025-02-11 21:18:49,1,6,0
2025-02-11 21:33:50,1,6,0
2025-02-11 21:48:51,1,6,0
2025-02-11 22:03:52,1,6,0
2025-02-11 22:18:52,1,6,0
2025-02-11 22:49:04,1,6,0
2025-02-11 23:04:05,0,0,0
2025-02-11 23:19:05,0,0,0
2025-02-11 23:34:06,0,0,0
2025-02-11 23:49:09,0,0,0
2025-02-12 00:04:11,0,0,0
2025-02-12 00:19:11,0,0,0
2025-02-12 00:34:12,0,0,0
2025-02-12 00:49:13,0,0,0
2025-02-12 01:04:14,0,0,0
2025-02-12 01:19:14,0,0,0
2025-02-12 01:34:15,0,0,0
2025-02-12 01:49:16,0,0,0
2025-02-12 02:04:16,0,0,0
2025-02-12 02:19:17,0,0,0
2025-02-12 02:34:18,0,0,0
2025-02-12 02:49:19,0,0,0
2025-02-12 03:04:20,0,0,0
2025-02-12 03:19:20,0,0,0
2025-02-12 03:34:21,0,0,0
2025-02-12 03:49:22,0,0,0
2025-02-12 04:04:23,0,0,0
2025-02-12 04:19:23,0,0,0
2025-02-12 04:34:24,0,0,0
2025-02-12 04:49:25,0,0,0
2025-02-12 05:04:25,1,3,0
2025-02-12 05:19:26,12,59,0
2025-02-12 05:34:27,14,69,0
2025-02-12 05:49:28,14,68,0
2025-02-12 06:04:29,16,79,0
2025-02-12 06:19:29,14,70,0
2025-02-12 06:34:30,15,73,0
2025-02-12 06:49:31,21,106,0
2025-02-12 07:04:32,21,104,0
2025-02-12 07:19:32,24,120,0
2025-02-12 07:34:33,24,120,0
2025-02-12 07:49:34,26,131,0
2025-02-12 08:04:35,31,149,4
2025-02-12 08:19:35,30,147,3
2025-02-12 08:34:36,23,111,5
2025-02-12 08:49:37,22,106,3
2025-02-12 09:04:38,24,117,5
2025-02-12 09:19:40,33,160,5
2025-02-12 09:34:44,25,122,2
2025-02-12 09:49:45,24,120,2
2025-02-12 10:04:46,32,160,2
2025-02-12 10:19:46,33,163,2
2025-02-12 10:34:47,35,171,2
2025-02-12 10:49:48,23,113,2
2025-02-12 11:04:49,23,115,2
2025-02-12 11:19:49,23,116,1
2025-02-12 11:34:50,23,113,1
2025-02-12 11:49:51,21,106,1
2025-02-12 12:04:51,21,105,1
2025-02-12 12:19:53,22,107,1
2025-02-12 12:34:54,23,112,1
2025-02-12 12:49:55,22,111,1
2025-02-12 13:04:55,21,103,4
2025-02-12 13:19:57,27,99,35
2025-02-12 13:34:59,29,101,46
2025-02-12 13:49:59,29,84,60
2025-02-12 14:05:02,37,128,58
2025-02-12 14:20:09,38,126,66
2025-02-12 14:35:10,43,153,62
2025-02-12 14:50:11,52,183,76
2025-02-12 15:05:12,54,169,99
2025-02-12 15:20:12,53,177,89
2025-02-12 15:35:13,55,175,100
2025-02-12 15:50:14,57,196,91
2025-02-12 16:05:15,59,214,83
2025-02-12 16:20:15,55,207,69
2025-02-12 16:35:16,56,224,54
2025-02-12 16:50:16,54,192,78
2025-02-12 17:05:17,57,227,58
2025-02-12 17:20:18,50,188,64
2025-02-12 17:35:19,46,179,52
2025-02-12 17:50:19,47,183,53
2025-02-12 18:05:21,49,178,65
2025-02-12 18:20:21,48,189,50
2025-02-12 18:35:23,43,177,40
2025-02-12 18:50:24,39,159,36
2025-02-12 19:05:25,36,142,38
2025-02-12 19:20:25,37,155,29
2025-02-12 19:35:26,33,137,28
2025-02-12 19:50:27,30,122,28
2025-02-12 20:05:28,24,96,22
2025-02-12 20:20:29,15,69,7
2025-02-12 20:35:30,10,49,3
2025-02-12 20:50:30,4,20,0
2025-02-12 21:05:31,1,7,0
2025-02-12 21:20:32,1,7,0
2025-02-12 21:35:32,1,7,0
2025-02-12 21:50:33,1,7,0
2025-02-12 22:05:35,1,7,0
2025-02-12 22:20:36,1,7,0
2025-02-12 22:35:37,1,7,0
2025-02-12 23:05:48,0,0,0
2025-02-12 23:20:48,0,0,0
2025-02-12 23:35:50,0,0,0
2025-02-12 23:50:51,0,0,0
2025-02-13 00:05:51,0,0,0
2025-02-13 00:20:52,0,0,0
2025-02-13 00:35:53,0,0,0
2025-02-13 00:50:53,0,0,0
2025-02-13 01:05:54,0,0,0
2025-02-13 01:20:55,0,0,0
2025-02-13 01:35:58,0,0,0
2025-02-13 01:50:59,0,0,0
2025-02-13 02:06:00,0,0,0
2025-02-13 02:21:01,0,0,0
2025-02-13 02:36:03,0,0,0
2025-02-13 02:51:04,0,0,0
2025-02-13 03:06:04,0,0,0
2025-02-13 03:21:05,0,0,0
2025-02-13 03:36:06,0,0,0
2025-02-13 03:51:07,0,0,0
2025-02-13 04:06:08,0,0,0
2025-02-13 04:21:09,0,0,0
2025-02-13 04:36:10,0,0,0
2025-02-13 04:51:11,0,0,0
2025-02-13 05:06:12,6,28,0
2025-02-13 05:21:12,9,43,0
2025-02-13 05:36:13,9,46,0
2025-02-13 05:51:15,11,54,0
2025-02-13 06:06:16,12,61,0
2025-02-13 06:21:17,11,57,0
2025-02-13 06:36:18,12,62,0
2025-02-13 06:51:18,22,111,0
2025-02-13 07:06:19,24,121,0
2025-02-13 07:21:20,22,110,0
2025-02-13 07:36:21,27,133,0
2025-02-13 07:51:21,26,130,0
2025-02-13 08:06:22,26,130,1
2025-02-13 08:21:23,25,125,1
2025-02-13 08:36:24,24,122,0
2025-02-13 08:51:24,27,136,0
2025-02-13 09:06:26,33,158,6
2025-02-13 09:21:27,34,162,6
2025-02-13 09:36:29,30,148,4
2025-02-13 09:51:30,31,150,5
2025-02-13 10:06:31,33,160,5
2025-02-13 10:21:32,32,155,5
2025-02-13 10:36:33,33,159,5
2025-02-13 10:51:34,25,123,2
2025-02-13 11:06:34,34,170,1
2025-02-13 11:21:35,34,168,1
2025-02-13 11:36:36,37,182,1
2025-02-13 11:51:36,30,118,33
2025-02-13 12:06:37,28,105,37
2025-02-13 12:21:37,21,68,37
2025-02-13 12:36:38,22,74,36
2025-02-13 12:51:39,25,115,9
2025-02-13 13:06:40,30,122,27
2025-02-13 13:21:40,29,103,40
2025-02-13 13:36:41,31,90,65
2025-02-13 13:51:43,41,136,67
2025-02-13 14:06:45,43,145,69
2025-02-13 14:21:46,43,143,70
2025-02-13 14:36:48,42,142,69
2025-02-13 14:51:49,45,158,68
2025-02-13 15:06:50,44,161,60
2025-02-13 15:21:50,42,143,69
2025-02-13 15:36:52,48,160,78
2025-02-13 15:51:52,48,160,82
2025-02-13 16:06:53,54,189,82
2025-02-13 16:21:55,52,171,87
2025-02-13 16:36:56,49,183,63
2025-02-13 16:51:57,49,182,62
2025-02-13 17:06:57,49,184,62
2025-02-13 17:21:59,45,175,50
2025-02-13 17:37:00,45,183,43
2025-02-13 17:52:02,42,152,57
2025-02-13 18:07:03,44,179,43
2025-02-13 18:22:04,41,173,30
2025-02-13 18:37:05,38,171,20
2025-02-13 18:52:05,37,153,33
2025-02-13 19:07:07,38,157,31
2025-02-13 19:22:12,33,138,25
2025-02-13 19:37:13,28,118,23
2025-02-13 19:52:14,27,122,12
2025-02-13 20:07:15,25,111,13
2025-02-13 20:22:16,16,67,11
2025-02-13 20:37:17,11,47,8
2025-02-13 20:52:18,7,35,0
2025-02-13 21:07:19,2,8,0
2025-02-13 21:22:20,2,8,0
2025-02-13 21:37:20,2,8,0
2025-02-13 21:52:22,2,8,0
2025-02-13 22:07:24,2,8,0
2025-02-13 22:22:25,2,8,0
2025-02-13 22:52:35,0,0,0
2025-02-13 23:07:36,0,0,0
2025-02-13 23:22:37,0,0,0
2025-02-13 23:37:38,0,0,0
2025-02-13 23:52:39,0,0,0
2025-02-14 00:07:40,0,0,0
2025-02-14 00:22:41,0,0,0
2025-02-14 00:37:43,0,0,0
2025-02-14 00:52:43,0,0,0
2025-02-14 01:07:45,0,0,0
2025-02-14 01:22:46,0,0,0
2025-02-14 01:37:47,0,0,0
2025-02-14 01:52:48,0,0,0
2025-02-14 02:07:49,0,0,0
2025-02-14 02:22:50,0,0,0
2025-02-14 02:37:51,0,0,0
2025-02-14 02:52:51,0,0,0
2025-02-14 03:07:52,0,0,0
2025-02-14 03:22:53,0,0,0
2025-02-14 03:37:54,0,0,0
2025-02-14 03:52:54,0,0,0
2025-02-14 04:07:55,0,0,0
2025-02-14 04:22:56,0,0,0
2025-02-14 04:37:56,0,0,0
2025-02-14 04:52:58,0,0,0
2025-02-14 05:07:59,6,30,0
2025-02-14 05:22:59,11,57,0
2025-02-14 05:38:03,12,62,0
2025-02-14 05:53:04,15,76,0
2025-02-14 06:08:05,15,77,0
2025-02-14 06:23:05,14,70,0
2025-02-14 06:38:07,15,73,0
2025-02-14 06:53:07,19,94,0
2025-02-14 07:08:08,19,96,0
2025-02-14 07:23:11,17,87,0
2025-02-14 07:38:12,31,154,0
2025-02-14 07:53:12,30,151,0
2025-02-14 08:08:13,29,146,0
2025-02-14 08:23:14,25,125,0
2025-02-14 08:38:15,24,120,0
2025-02-14 08:53:15,25,123,0
2025-02-14 09:08:17,23,115,1
2025-02-14 09:23:18,26,126,2
2025-02-14 09:38:18,27,135,1
2025-02-14 09:53:20,28,136,4
2025-02-14 10:08:21,27,131,4
2025-02-14 10:23:22,31,155,1
2025-02-14 10:38:23,30,149,1
2025-02-14 10:53:23,27,135,1
2025-02-14 11:08:24,29,143,1
2025-02-14 11:23:25,20,97,1
2025-02-14 11:38:26,20,100,0
2025-02-14 11:53:27,22,110,0
2025-02-14 12:08:28,22,110,0
2025-02-14 12:23:28,21,107,0
2025-02-14 12:38:29,20,102,0
2025-02-14 12:53:30,24,122,0
2025-02-14 13:08:31,27,117,20
2025-02-14 13:23:32,31,128,25
2025-02-14 13:38:33,33,132,32
2025-02-14 13:53:34,32,108,50
2025-02-14 14:08:36,35,133,41
2025-02-14 14:23:37,30,101,49
2025-02-14 14:38:37,32,113,47
2025-02-14 14:53:39,32,107,53
2025-02-14 15:08:41,37,124,60
2025-02-14 15:23:42,37,133,52
2025-02-14 15:38:42,43,167,47
2025-02-14 15:53:44,45,147,76
2025-02-14 16:08:45,46,161,69
2025-02-14 16:23:45,48,181,59
2025-02-14 16:38:46,47,167,68
2025-02-14 16:53:48,45,172,52
2025-02-14 17:08:49,48,197,43
2025-02-14 17:23:49,46,178,51
2025-02-14 17:38:52,44,170,48
2025-02-14 17:53:52,43,167,48
2025-02-14 18:08:54,43,164,50
2025-02-14 18:23:55,42,168,40
2025-02-14 18:38:56,38,157,35
2025-02-14 18:53:56,31,117,38
2025-02-14 19:08:57,29,113,34
2025-02-14 19:23:58,28,117,24
2025-02-14 19:39:00,29,112,31
2025-02-14 19:54:01,26,101,30
2025-02-14 20:09:03,21,80,25
2025-02-14 20:24:04,19,78,16
2025-02-14 20:39:04,14,63,5
2025-02-14 20:54:06,7,34,0
2025-02-14 21:09:07,3,13,0
2025-02-14 21:24:08,3,13,0
2025-02-14 21:39:09,3,13,0
2025-02-14 21:54:10,3,13,0
2025-02-14 22:09:11,3,13,0
2025-02-14 22:24:11,3,13,0
2025-02-14 22:39:12,3,13,0
2025-02-14 22:54:13,0,0,0
2025-02-14 23:09:14,0,0,0
2025-02-14 23:24:14,0,0,0
2025-02-14 23:39:15,0,0,0
2025-02-14 23:54:16,0,0,0
2025-02-15 00:09:18,0,0,0
2025-02-15 00:24:19,0,0,0
2025-02-15 00:39:20,0,0,0
2025-02-15 00:54:20,0,0,0
2025-02-15 01:09:21,0,0,0
2025-02-15 01:24:22,0,0,0
2025-02-15 01:39:23,0,0,0
2025-02-15 01:54:23,0,0,0
2025-02-15 02:09:24,0,0,0
2025-02-15 02:24:25,0,0,0
2025-02-15 02:39:26,0,0,0
2025-02-15 02:54:27,0,0,0
2025-02-15 03:09:28,0,0,0
2025-02-15 03:24:28,0,0,0
2025-02-15 03:39:29,0,0,0
2025-02-15 03:54:30,0,0,0
2025-02-15 04:09:30,0,0,0
2025-02-15 04:24:32,0,0,0
2025-02-15 04:39:33,0,0,0
2025-02-15 04:54:34,0,0,0
2025-02-15 05:09:36,0,0,0
2025-02-15 05:24:37,0,0,0
2025-02-15 05:39:37,0,0,0
2025-02-15 05:54:39,0,0,0
2025-02-15 06:09:42,0,0,0
2025-02-15 06:24:43,0,0,0
2025-02-15 06:39:44,0,0,0
2025-02-15 06:54:44,0,0,0
2025-02-15 07:09:46,0,0,0
2025-02-15 07:24:48,0,0,0
2025-02-15 07:39:49,0,0,0
2025-02-15 07:54:50,0,0,0
2025-02-15 08:09:51,0,0,0
2025-02-15 08:24:51,0,0,0
2025-02-15 08:39:52,0,0,0
2025-02-15 08:54:53,0,0,0
2025-02-15 09:09:54,10,48,0
2025-02-15 09:24:55,24,89,33
2025-02-15 09:39:55,36,102,80
2025-02-15 09:54:57,48,135,104
2025-02-15 10:09:58,57,170,115
2025-02-15 10:24:59,56,144,135
2025-02-15 10:39:59,55,151,126
2025-02-15 10:55:02,56,153,127
2025-02-15 11:10:04,58,183,106
2025-02-15 11:25:04,53,142,122
2025-02-15 11:40:05,48,109,132
2025-02-15 11:55:06,55,146,129
2025-02-15 12:10:10,50,141,109
2025-02-15 12:25:11,48,132,107
2025-02-15 12:40:12,48,115,123
2025-02-15 12:55:13,54,157,111
2025-02-15 13:10:14,56,161,118
2025-02-15 13:25:14,54,145,125
2025-02-15 13:40:15,55,129,145
2025-02-15 13:55:16,61,180,126
2025-02-15 14:10:17,64,176,143
2025-02-15 14:25:17,65,158,166
2025-02-15 14:40:18,72,184,175
2025-02-15 14:55:19,76,218,164
2025-02-15 15:10:20,80,217,181
2025-02-15 15:25:21,82,241,171
2025-02-15 15:40:21,78,206,185
2025-02-15 15:55:22,76,222,159
2025-02-15 16:10:23,76,235,144
2025-02-15 16:25:24,73,222,143
2025-02-15 16:40:25,66,177,155
2025-02-15 16:55:25,65,201,122
2025-02-15 17:10:27,63,202,113
2025-02-15 17:25:29,59,183,111
2025-02-15 17:40:30,52,167,93
2025-02-15 17:55:30,49,174,69
2025-02-15 18:10:31,47,179,57
2025-02-15 18:25:32,42,136,72
2025-02-15 18:40:33,42,128,81
2025-02-15 18:55:34,40,134,68
2025-02-15 19:10:34,38,125,63
2025-02-15 19:25:35,33,106,60
2025-02-15 19:40:37,31,118,38
2025-02-15 19:55:39,27,102,31
2025-02-15 20:10:40,20,78,23
2025-02-15 20:25:41,15,68,6
2025-02-15 20:40:42,8,41,1
2025-02-15 20:55:42,3,12,1
2025-02-15 21:10:43,0,2,0
2025-02-15 21:25:44,0,2,0
2025-02-15 21:40:45,0,2,0
2025-02-15 21:55:46,0,2,0
2025-02-15 22:10:49,0,2,0
2025-02-15 22:41:00,0,2,0
2025-02-15 22:56:00,0,0,0
2025-02-15 23:11:02,0,0,0
2025-02-15 23:26:02,0,0,0
2025-02-15 23:41:03,0,0,0
2025-02-15 23:56:04,0,0,0
2025-02-16 00:11:05,0,0,0
2025-02-16 00:26:05,0,0,0
2025-02-16 00:41:07,0,0,0
2025-02-16 00:56:08,0,0,0
2025-02-16 01:11:09,0,0,0
2025-02-16 01:26:09,0,0,0
2025-02-16 01:41:10,0,0,0
2025-02-16 01:56:11,0,0,0
2025-02-16 02:11:12,0,0,0
2025-02-16 02:26:12,0,0,0
2025-02-16 02:41:13,0,0,0
2025-02-16 02:56:14,0,0,0
2025-02-16 03:11:16,0,0,0
2025-02-16 03:26:16,0,0,0
2025-02-16 03:41:17,0,0,0
2025-02-16 03:56:18,0,0,0
2025-02-16 04:11:19,0,0,0
2025-02-16 04:26:19,0,0,0
2025-02-16 04:41:20,0,0,0
2025-02-16 04:56:20,0,0,0
2025-02-16 05:11:21,0,0,0
2025-02-16 05:26:22,0,0,0
2025-02-16 05:41:23,0,0,0
2025-02-16 05:56:23,0,0,0
2025-02-16 06:11:24,0,0,0
2025-02-16 06:26:25,0,0,0
2025-02-16 06:41:25,0,0,0
2025-02-16 06:56:26,0,0,0
2025-02-16 07:11:27,0,0,0
2025-02-16 07:26:28,0,0,0
2025-02-16 07:41:28,0,0,0
2025-02-16 07:56:29,0,0,0
2025-02-16 08:11:30,0,0,0
2025-02-16 08:26:31,0,0,0
2025-02-16 08:41:31,0,0,0
2025-02-16 08:56:33,0,0,0
2025-02-16 09:11:34,20,98,0
2025-02-16 09:26:35,38,135,53
2025-02-16 09:41:36,48,130,108
2025-02-16 09:56:36,55,153,123
2025-02-16 10:11:37,64,175,146
2025-02-16 10:26:38,66,204,125
2025-02-16 10:41:39,64,207,113
2025-02-16 10:56:39,58,164,127
2025-02-16 11:11:41,61,188,118
2025-02-16 11:26:42,61,183,123
2025-02-16 11:41:42,59,171,122
2025-02-16 11:56:43,56,165,113
2025-02-16 12:11:44,57,152,131
2025-02-16 12:26:44,57,159,128
2025-02-16 12:41:46,58,162,130
2025-02-16 12:56:47,63,182,132
2025-02-16 13:11:48,65,178,146
2025-02-16 13:26:48,65,196,127
2025-02-16 13:41:49,62,178,132
2025-02-16 13:56:51,62,180,132
2025-02-16 14:11:52,61,179,127
2025-02-16 14:26:54,60,166,134
2025-02-16 14:41:55,59,170,126
2025-02-16 14:56:55,60,175,123
2025-02-16 15:11:57,60,164,136
2025-02-16 15:26:57,64,184,138
2025-02-16 15:41:59,64,190,129
2025-02-16 15:57:00,67,203,133
2025-02-16 16:12:01,72,212,150
2025-02-16 16:27:01,70,225,123
2025-02-16 16:42:02,64,184,138
2025-02-16 16:57:04,61,180,124
2025-02-16 17:12:05,62,215,97
2025-02-16 17:27:06,54,182,89
2025-02-16 17:42:07,46,152,80
2025-02-16 17:57:07,43,144,73
2025-02-16 18:12:08,44,175,44
2025-02-16 18:27:09,41,160,44
2025-02-16 18:42:10,37,147,39
2025-02-16 18:57:10,38,140,50
2025-02-16 19:12:11,35,138,35
2025-02-16 19:27:11,32,127,34
2025-02-16 19:42:12,32,129,31
2025-02-16 19:57:13,25,97,27
2025-02-16 20:12:14,19,71,24
2025-02-16 20:27:15,12,52,9
2025-02-16 20:42:15,8,35,6
2025-02-16 20:57:16,4,20,1
2025-02-16 21:12:17,1,5,1
2025-02-16 21:27:17,1,5,1
2025-02-16 21:42:18,1,5,1
2025-02-16 21:57:19,1,5,1
2025-02-16 22:12:20,1,5,1
2025-02-16 22:27:20,1,5,1
2025-02-16 22:42:21,1,5,1
2025-02-16 22:57:22,0,0,0
2025-02-16 23:12:23,0,0,0
2025-02-16 23:27:23,0,0,0
2025-02-16 23:57:35,0,0,0
2025-02-17 00:12:36,0,0,0
2025-02-17 00:27:36,0,0,0
2025-02-17 00:42:37,0,0,0
2025-02-17 00:57:37,0,0,0
2025-02-17 01:12:39,0,0,0
2025-02-17 01:27:39,0,0,0
2025-02-17 01:42:41,0,0,0
2025-02-17 01:57:42,0,0,0
2025-02-17 02:12:42,0,0,0
2025-02-17 02:27:45,0,0,0
2025-02-17 02:42:45,0,0,0
2025-02-17 02:57:47,0,0,0
2025-02-17 03:12:49,0,0,0
2025-02-17 03:27:50,0,0,0
2025-02-17 03:42:51,0,0,0
2025-02-17 03:57:51,0,0,0
2025-02-17 04:12:52,0,0,0
2025-02-17 04:27:53,0,0,0
2025-02-17 04:42:54,0,0,0
2025-02-17 04:57:54,0,0,0
2025-02-17 05:12:55,7,37,0
2025-02-17 05:27:56,10,48,0
2025-02-17 05:42:56,11,55,0
2025-02-17 05:57:57,12,62,0
2025-02-17 06:12:58,12,59,0
2025-02-17 06:27:58,12,59,0
2025-02-17 06:42:59,11,56,0
2025-02-17 06:58:01,12,58,0
2025-02-17 07:13:03,11,55,0
2025-02-17 07:28:03,9,45,0
2025-02-17 07:43:04,9,43,0
2025-02-17 07:58:05,9,47,0
2025-02-17 08:13:07,10,50,0
2025-02-17 08:28:08,9,44,0
2025-02-17 08:43:08,8,40,0
2025-02-17 08:58:09,10,51,0
2025-02-17 09:13:10,13,65,1
2025-02-17 09:28:11,15,63,12
2025-02-17 09:43:12,16,60,19
2025-02-17 09:58:13,19,77,17
2025-02-17 10:13:14,20,72,26
2025-02-17 10:28:14,19,79,18
2025-02-17 10:43:15,17,64,22
2025-02-17 10:58:16,18,74,17
2025-02-17 11:13:18,19,65,31
2025-02-17 11:28:19,20,74,26
2025-02-17 11:43:20,23,87,27
2025-02-17 11:58:20,22,75,35
2025-02-17 12:13:21,24,84,38
2025-02-17 12:28:22,25,79,44
2025-02-17 12:43:23,26,92,40
2025-02-17 12:58:23,27,93,43
2025-02-17 13:13:24,27,83,51
2025-02-17 13:28:25,33,122,43
2025-02-17 13:43:27,35,103,71
2025-02-17 13:58:27,34,92,77
2025-02-17 14:13:28,32,86,72
2025-02-17 14:28:30,33,103,63
2025-02-17 14:43:31,32,115,46
2025-02-17 14:58:32,29,101,46
2025-02-17 15:13:34,30,100,50
2025-02-17 15:28:36,31,102,53
2025-02-17 15:43:37,33,116,47
2025-02-17 15:58:38,32,103,58
2025-02-17 16:13:40,38,117,71
2025-02-17 16:28:40,38,121,69
2025-02-17 16:43:42,36,128,51
2025-02-17 16:58:43,39,136,58
2025-02-17 17:13:43,43,151,62
2025-02-17 17:28:45,45,153,71
2025-02-17 17:43:47,43,145,70
2025-02-17 17:58:48,38,131,60
2025-02-17 18:13:49,40,147,53
2025-02-17 18:28:49,39,147,47
2025-02-17 18:43:50,32,119,43
2025-02-17 18:58:52,31,116,37
2025-02-17 19:13:54,28,108,30
2025-02-17 19:28:54,26,102,27
2025-02-17 19:43:55,24,83,35
2025-02-17 19:58:57,20,82,20
2025-02-17 20:13:58,18,72,20
2025-02-17 20:28:58,14,65,6
2025-02-17 20:43:59,10,49,0
2025-02-17 20:59:00,3,16,0
2025-02-17 21:14:01,1,6,0
2025-02-17 21:29:01,1,6,0
2025-02-17 21:44:03,1,6,0
2025-02-17 21:59:04,1,6,0
2025-02-17 22:14:05,1,6,0
2025-02-17 22:29:05,1,6,0
2025-02-17 22:44:06,1,6,0
2025-02-17 22:59:07,0,0,0
2025-02-17 23:14:08,0,0,0
2025-02-17 23:29:09,0,0,0
2025-02-17 23:44:10,0,0,0
2025-02-17 23:59:10,0,0,0
2025-02-18 00:14:11,0,0,0
2025-02-18 00:29:12,0,0,0
2025-02-18 00:44:12,0,0,0
2025-02-18 00:59:13,0,0,0
2025-02-18 01:14:14,0,0,0
2025-02-18 01:29:15,0,0,0
2025-02-18 01:44:16,0,0,0
2025-02-18 01:59:17,0,0,0
2025-02-18 02:14:18,0,0,0
2025-02-18 02:29:18,0,0,0
2025-02-18 02:44:19,0,0,0
2025-02-18 02:59:21,0,0,0
2025-02-18 03:14:22,0,0,0
2025-02-18 03:29:23,0,0,0
2025-02-18 03:44:24,0,0,0
2025-02-18 03:59:25,0,0,0
2025-02-18 04:14:26,0,0,0
2025-02-18 04:29:26,0,0,0
2025-02-18 04:44:27,0,0,0
2025-02-18 04:59:28,0,0,0
2025-02-18 05:14:29,10,50,0
2025-02-18 05:29:30,12,60,0
2025-02-18 05:44:31,13,64,0
2025-02-18 05:59:31,15,73,0
2025-02-18 06:14:32,15,77,0
2025-02-18 06:29:32,14,70,0
2025-02-18 06:44:33,13,65,0
2025-02-18 06:59:35,13,63,0
2025-02-18 07:14:37,11,54,0
2025-02-18 07:29:38,8,40,0
2025-02-18 07:44:39,8,39,0
2025-02-18 07:59:40,18,91,0
2025-02-18 08:14:41,19,95,0
2025-02-18 08:29:42,18,91,0
2025-02-18 08:44:43,20,98,0
2025-02-18 08:59:44,21,105,0
2025-02-18 09:14:45,22,109,3
2025-02-18 09:29:45,33,154,11
2025-02-18 09:44:46,36,161,20
2025-02-18 09:59:47,28,109,31
2025-02-18 10:14:48,30,113,35
2025-02-18 10:29:49,30,106,45
2025-02-18 10:44:50,30,104,44
2025-02-18 10:59:50,29,109,36
2025-02-18 11:14:51,30,102,48
2025-02-18 11:29:52,33,113,52
2025-02-18 11:44:53,32,115,46
2025-02-18 11:59:55,34,133,37
2025-02-18 12:14:55,30,103,47
2025-02-18 12:29:56,28,103,37
2025-02-18 12:44:57,29,105,42
2025-02-18 12:59:58,29,92,52
2025-02-18 13:14:58,28,77,63
2025-02-18 13:30:02,31,99,54
2025-02-18 13:45:07,35,102,72
2025-02-18 14:00:07,36,112,66
2025-02-18 14:15:08,38,113,75
2025-02-18 14:30:09,38,118,71
2025-02-18 14:45:10,40,126,76
2025-02-18 15:00:11,41,110,93
2025-02-18 15:15:11,41,120,87
2025-02-18 15:30:12,41,116,90
2025-02-18 15:45:13,41,118,89
2025-02-18 16:00:13,47,148,85
2025-02-18 16:15:14,47,153,81
2025-02-18 16:30:15,47,160,76
2025-02-18 16:45:16,45,148,77
2025-02-18 17:00:17,46,165,65
2025-02-18 17:15:18,49,189,58
2025-02-18 17:30:18,49,188,59
2025-02-18 17:45:19,47,168,68
2025-02-18 18:00:20,50,206,44
2025-02-18 18:15:21,47,182,52
2025-02-18 18:30:22,44,182,37
2025-02-18 18:45:22,44,185,37
2025-02-18 19:00:23,44,182,37
2025-02-18 19:15:24,39,160,33
2025-02-18 19:30:24,36,157,24
2025-02-18 19:45:25,31,135,20
2025-02-18 20:00:26,26,108,24
2025-02-18 20:15:27,18,75,17
2025-02-18 20:30:27,11,49,8
2025-02-18 20:45:28,7,34,1
2025-02-18 21:00:29,2,10,1
2025-02-18 21:15:30,2,7,1
2025-02-18 21:30:31,2,7,1
2025-02-18 21:45:31,2,7,1
2025-02-18 22:00:33,2,7,1
2025-02-18 22:15:34,2,7,1
2025-02-18 22:30:35,2,7,1
2025-02-18 22:45:36,1,3,0
2025-02-18 23:00:36,0,0,0
2025-02-18 23:15:39,0,0,0
2025-02-18 23:30:39,0,0,0
2025-02-18 23:45:40,0,0,0
2025-02-19 00:00:41,0,0,0
2025-02-19 00:15:42,0,0,0
2025-02-19 00:30:42,0,0,0
2025-02-19 00:45:43,0,0,0
2025-02-19 01:00:45,0,0,0
2025-02-19 01:15:46,0,0,0
2025-02-19 01:30:47,0,0,0
2025-02-19 01:45:48,0,0,0
2025-02-19 02:00:48,0,0,0
2025-02-19 02:15:49,0,0,0
2025-02-19 02:30:50,0,0,0
2025-02-19 02:45:53,0,0,0
2025-02-19 03:00:53,0,0,0
2025-02-19 03:15:54,0,0,0
2025-02-19 03:30:55,0,0,0
2025-02-19 03:45:57,0,0,0
2025-02-19 04:00:58,0,0,0
2025-02-19 04:15:59,0,0,0
2025-02-19 04:30:59,0,0,0
2025-02-19 04:46:01,0,0,0
2025-02-19 05:01:01,0,0,0
2025-02-19 05:16:02,8,41,0
2025-02-19 05:31:03,9,47,0
2025-02-19 05:46:04,12,58,0
2025-02-19 06:01:04,14,68,0
2025-02-19 06:16:05,13,67,0
2025-02-19 06:31:06,12,62,0
2025-02-19 06:46:07,13,65,0
2025-02-19 07:01:07,12,61,0
2025-02-19 07:16:08,10,52,0
2025-02-19 07:31:09,8,40,0
2025-02-19 07:46:10,9,44,0
2025-02-19 08:01:10,10,49,0
2025-02-19 08:16:11,10,51,0
2025-02-19 08:31:13,10,52,0
2025-02-19 08:46:14,12,58,0
2025-02-19 09:01:15,14,69,0
2025-02-19 09:16:15,14,68,4
2025-02-19 09:31:17,23,107,10
2025-02-19 09:46:19,24,102,16
2025-02-19 10:01:20,27,109,26
2025-02-19 10:16:21,28,99,39
2025-02-19 10:31:21,29,101,42
2025-02-19 10:46:22,22,67,41
2025-02-19 11:01:23,21,71,36
2025-02-19 11:16:24,21,84,23
2025-02-19 11:31:25,17,63,24
2025-02-19 11:46:26,19,77,18
2025-02-19 12:01:27,18,68,22
2025-02-19 12:16:27,16,59,23
2025-02-19 12:31:28,18,73,19
2025-02-19 12:46:30,20,77,23
2025-02-19 13:01:32,25,91,34
2025-02-19 13:16:33,31,109,45
2025-02-19 13:31:34,32,92,66
2025-02-19 13:46:35,33,76,91
2025-02-19 14:01:36,36,97,82
2025-02-19 14:16:37,38,116,75
2025-02-19 14:31:37,39,121,73
2025-02-19 14:46:38,40,132,66
2025-02-19 15:01:39,44,146,76
2025-02-19 15:16:40,43,128,89
2025-02-19 15:31:41,39,101,92
2025-02-19 15:46:42,39,121,74
2025-02-19 16:01:42,41,140,66
2025-02-19 16:16:45,41,135,68
2025-02-19 16:31:45,40,148,53
2025-02-19 16:46:46,41,148,56
2025-02-19 17:01:47,46,150,81
2025-02-19 17:16:47,47,148,86
2025-02-19 17:31:48,44,149,73
2025-02-19 17:46:49,44,139,79
2025-02-19 18:01:50,47,173,64
2025-02-19 18:16:51,44,181,41
2025-02-19 18:31:51,36,156,24
2025-02-19 18:46:54,32,134,25
2025-02-19 19:01:54,32,136,22
2025-02-19 19:16:55,27,113,23
2025-02-19 19:31:56,22,87,22
2025-02-19 19:46:57,19,83,12
2025-02-19 20:01:58,16,67,15
2025-02-19 20:16:58,13,57,8
2025-02-19 20:31:59,9,39,4
2025-02-19 20:47:01,5,23,1
2025-02-19 21:02:03,1,2,1
2025-02-19 21:17:04,1,2,1
2025-02-19 21:32:05,1,2,1
2025-02-19 21:47:06,1,2,1
2025-02-19 22:02:07,1,2,1
2025-02-19 22:17:08,1,2,1
2025-02-19 22:32:08,1,2,1
2025-02-19 22:47:09,1,2,1
2025-02-19 23:02:10,0,0,0
2025-02-19 23:17:11,0,0,0
2025-02-19 23:32:11,0,0,0
2025-02-19 23:47:12,0,0,0
2025-02-20 00:02:15,0,0,0
2025-02-20 00:17:17,0,0,0
2025-02-20 00:32:19,0,0,0
2025-02-20 00:47:20,0,0,0
2025-02-20 01:02:21,0,0,0
2025-02-20 01:17:22,0,0,0
2025-02-20 01:32:23,0,0,0
2025-02-20 01:47:25,0,0,0
2025-02-20 02:02:26,0,0,0
2025-02-20 02:17:27,0,0,0
2025-02-20 02:32:27,0,0,0
2025-02-20 02:47:28,0,0,0
2025-02-20 03:02:29,0,0,0
2025-02-20 03:17:30,0,0,0
2025-02-20 03:32:30,0,0,0
2025-02-20 03:47:31,0,0,0
2025-02-20 04:02:32,0,0,0
2025-02-20 04:17:34,0,0,0
2025-02-20 04:32:35,0,0,0
2025-02-20 04:47:35,0,0,0
2025-02-20 05:02:37,0,0,0
2025-02-20 05:17:39,8,40,0
2025-02-20 05:32:40,9,43,0
2025-02-20 05:47:44,10,48,0
2025-02-20 06:02:45,12,62,0
2025-02-20 06:17:47,13,64,0
2025-02-20 06:32:48,12,62,0
2025-02-20 06:47:50,11,56,0
2025-02-20 07:02:51,10,52,0
2025-02-20 07:17:52,8,41,0
2025-02-20 07:32:52,6,32,0
2025-02-20 07:47:53,6,28,0
2025-02-20 08:02:54,17,84,0
2025-02-20 08:17:54,16,81,0
2025-02-20 08:32:55,16,82,0
2025-02-20 08:47:56,18,88,0
2025-02-20 09:02:56,21,102,1
2025-02-20 09:17:57,24,100,21
2025-02-20 09:32:58,35,145,32
2025-02-20 09:47:58,38,146,43
2025-02-20 10:02:59,40,157,41
2025-02-20 10:18:00,41,155,50
2025-02-20 10:33:00,43,155,59
2025-02-20 10:48:01,32,103,56
2025-02-20 11:03:03,30,112,40
2025-02-20 11:18:04,33,123,41
2025-02-20 11:33:04,27,88,49
2025-02-20 11:48:05,25,76,51
2025-02-20 12:03:06,24,82,40
2025-02-20 12:18:06,24,79,42
2025-02-20 12:33:07,23,69,48
2025-02-20 12:48:08,24,77,41
2025-02-20 13:03:09,25,78,45
2025-02-20 13:18:11,29,99,44
2025-02-20 13:33:12,28,79,63
2025-02-20 13:48:12,31,89,68
2025-02-20 14:03:13,35,105,71
2025-02-20 14:18:14,37,113,72
2025-02-20 14:33:14,41,141,63
2025-02-20 14:48:15,39,130,67
2025-02-20 15:03:16,38,104,85
2025-02-20 15:18:16,40,111,90
2025-02-20 15:33:17,39,118,76
2025-02-20 15:48:18,40,122,79
2025-02-20 16:03:19,38,112,76
2025-02-20 16:18:19,38,136,56
2025-02-20 16:33:20,37,124,63
2025-02-20 16:48:21,38,118,72
2025-02-20 17:03:21,40,131,70
2025-02-20 17:18:22,40,136,65
2025-02-20 17:33:23,40,145,54
2025-02-20 17:48:24,41,156,51
2025-02-20 18:03:25,41,161,43
2025-02-20 18:18:26,38,149,42
2025-02-20 18:33:26,39,157,38
2025-02-20 18:48:27,37,146,38
2025-02-20 19:03:28,42,164,44
2025-02-20 19:18:29,41,152,52
2025-02-20 19:33:29,39,160,33
2025-02-20 19:48:30,37,156,29
2025-02-20 20:03:31,34,142,26
2025-02-20 20:18:31,24,99,20
2025-02-20 20:33:32,15,59,14
2025-02-20 20:48:33,9,46,0
2025-02-20 21:03:33,2,12,0
2025-02-20 21:18:34,2,9,0
2025-02-20 21:33:34,2,9,0
2025-02-20 21:48:35,2,9,0
2025-02-20 22:03:38,2,9,0
2025-02-20 22:18:40,2,9,0
2025-02-20 22:33:40,2,9,0
2025-02-20 22:48:41,2,9,0
2025-02-20 23:03:44,0,0,0
2025-02-20 23:18:45,0,0,0
2025-02-20 23:33:45,0,0,0
2025-02-20 23:48:47,0,0,0
2025-02-21 00:03:48,0,0,0
2025-02-21 00:18:50,0,0,0
2025-02-21 00:33:52,0,0,0
2025-02-21 00:48:54,0,0,0
2025-02-21 01:03:55,0,0,0
2025-02-21 01:18:56,0,0,0
2025-02-21 01:33:56,0,0,0
2025-02-21 01:48:57,0,0,0
2025-02-21 02:04:00,0,0,0
2025-02-21 02:19:01,0,0,0
2025-02-21 02:34:02,0,0,0
2025-02-21 02:49:04,0,0,0
2025-02-21 03:04:04,0,0,0
2025-02-21 03:19:05,0,0,0
2025-02-21 03:34:05,0,0,0
2025-02-21 03:49:06,0,0,0
2025-02-21 04:04:07,0,0,0
2025-02-21 04:19:07,0,0,0
2025-02-21 04:34:08,0,0,0
2025-02-21 04:49:09,0,0,0
2025-02-21 05:04:09,0,0,0
2025-02-21 05:19:10,9,47,0
2025-02-21 05:34:12,11,53,0
2025-02-21 05:49:13,11,56,0
2025-02-21 06:04:14,11,54,0
2025-02-21 06:19:15,10,51,0
2025-02-21 06:34:16,11,53,0
2025-02-21 06:49:16,10,49,0
2025-02-21 07:04:17,11,57,0
2025-02-21 07:19:18,12,59,0
2025-02-21 07:34:18,10,51,0
2025-02-21 07:49:19,21,103,0
2025-02-21 08:04:20,23,113,0
2025-02-21 08:19:21,22,109,0
2025-02-21 08:34:21,21,105,0
2025-02-21 08:49:22,20,102,0
2025-02-21 09:04:23,22,110,0
2025-02-21 09:19:24,31,143,12
2025-02-21 09:34:25,34,151,21
2025-02-21 09:49:26,39,160,35
2025-02-21 10:04:26,40,148,50
2025-02-21 10:19:28,40,147,54
2025-02-21 10:34:29,42,151,60
2025-02-21 10:49:30,42,146,66
2025-02-21 11:04:30,43,160,57
2025-02-21 11:19:31,43,177,40
2025-02-21 11:34:32,45,187,36
2025-02-21 11:49:33,44,166,53
2025-02-21 12:04:33,46,184,44
2025-02-21 12:19:35,43,163,53
2025-02-21 12:34:35,48,171,68
2025-02-21 12:49:37,52,170,89
2025-02-21 13:04:37,52,180,81
2025-02-21 13:19:38,54,177,91
2025-02-21 13:34:39,58,196,94
2025-02-21 13:49:40,60,208,91
2025-02-21 14:04:41,46,155,77
2025-02-21 14:19:41,49,153,92
2025-02-21 14:34:42,50,152,98
2025-02-21 14:49:44,49,150,93
2025-02-21 15:04:45,47,156,77
2025-02-21 15:19:46,46,144,88
2025-02-21 15:34:47,47,140,97
2025-02-21 15:49:48,51,149,105
2025-02-21 16:04:49,57,184,101
2025-02-21 16:19:50,58,185,103
2025-02-21 16:34:50,55,179,97
2025-02-21 16:49:52,56,181,101
2025-02-21 17:04:53,58,194,98
2025-02-21 17:19:54,56,182,99
2025-02-21 17:34:54,53,173,92
2025-02-21 17:49:56,50,152,96
2025-02-21 18:04:57,45,157,66
2025-02-21 18:19:58,39,129,67
2025-02-21 18:34:58,34,115,55
2025-02-21 18:49:59,31,112,45
2025-02-21 19:05:05,26,95,36
2025-02-21 19:20:06,22,74,36
2025-02-21 19:35:06,22,87,25
2025-02-21 19:50:07,22,80,28
2025-02-21 20:05:08,18,72,20
2025-02-21 20:20:09,14,58,14
2025-02-21 20:35:09,11,54,2
2025-02-21 20:50:10,5,27,0
2025-02-21 21:05:11,2,8,0
2025-02-21 21:20:12,2,8,0
2025-02-21 21:35:13,2,8,0
2025-02-21 21:50:14,2,8,0
2025-02-21 22:05:14,2,8,0
2025-02-21 22:20:15,2,8,0
2025-02-21 22:35:16,2,8,0
2025-02-21 22:50:17,0,0,0
2025-02-21 23:05:18,0,0,0
2025-02-21 23:20:19,0,0,0
2025-02-21 23:35:20,0,0,0
2025-02-21 23:50:21,0,0,0
2025-02-22 00:05:22,0,0,0
2025-02-22 00:20:22,0,0,0
2025-02-22 00:35:23,0,0,0
2025-02-22 00:50:24,0,0,0
2025-02-22 01:05:25,0,0,0
2025-02-22 01:20:26,0,0,0
2025-02-22 01:35:27,0,0,0
2025-02-22 01:50:27,0,0,0
2025-02-22 02:05:28,0,0,0
2025-02-22 02:20:29,0,0,0
2025-02-22 02:35:29,0,0,0
2025-02-22 02:50:30,0,0,0
2025-02-22 03:05:31,0,0,0
2025-02-22 03:20:32,0,0,0
2025-02-22 03:35:32,0,0,0
2025-02-22 03:50:33,0,0,0
2025-02-22 04:05:34,0,0,0
2025-02-22 04:20:35,0,0,0
2025-02-22 04:35:35,0,0,0
2025-02-22 04:50:36,0,0,0
2025-02-22 05:05:37,0,0,0
2025-02-22 05:20:38,0,0,0
2025-02-22 05:35:39,0,0,0
2025-02-22 05:50:40,0,0,0
2025-02-22 06:05:42,0,0,0
2025-02-22 06:20:43,0,0,0
2025-02-22 06:35:44,0,0,0
2025-02-22 06:50:45,0,0,0
2025-02-22 07:05:45,0,0,0
2025-02-22 07:20:46,0,0,0
2025-02-22 07:35:46,0,0,0
2025-02-22 07:50:48,0,0,0
2025-02-22 08:05:49,0,0,0
2025-02-22 08:20:49,0,0,0
2025-02-22 08:35:52,0,0,0
2025-02-22 08:50:52,0,0,0
2025-02-22 09:05:53,7,37,0
2025-02-22 09:20:54,24,97,23
2025-02-22 09:35:55,39,136,61
2025-02-22 09:50:56,51,128,125
2025-02-22 10:05:56,58,167,125
2025-02-22 10:20:57,65,170,153
2025-02-22 10:35:58,67,168,165
2025-02-22 10:50:58,67,180,154
2025-02-22 11:05:59,62,179,132
2025-02-22 11:21:00,59,170,126
2025-02-22 11:36:02,51,138,115
2025-02-22 11:51:03,49,144,102
2025-02-22 12:06:04,49,122,122
2025-02-22 12:21:05,50,153,97
2025-02-22 12:36:05,46,142,89
2025-02-22 12:51:06,47,136,99
2025-02-22 13:06:06,50,135,116
2025-02-22 13:21:07,56,139,140
2025-02-22 13:36:08,59,143,150
2025-02-22 13:51:09,65,177,148
2025-02-22 14:06:10,69,165,178
2025-02-22 14:21:11,69,198,149
2025-02-22 14:36:11,65,183,140
2025-02-22 14:51:12,69,198,148
2025-02-22 15:06:13,74,219,150
2025-02-22 15:21:14,67,185,150
2025-02-22 15:36:14,65,173,150
2025-02-22 15:51:15,62,169,141
2025-02-22 16:06:16,59,168,125
2025-02-22 16:21:17,56,163,115
2025-02-22 16:36:17,55,169,106
2025-02-22 16:51:18,54,183,85
2025-02-22 17:06:19,55,179,96
2025-02-22 17:21:20,53,144,121
2025-02-22 17:36:20,54,165,103
2025-02-22 17:51:22,53,195,68
2025-02-22 18:06:23,48,159,80
2025-02-22 18:21:24,48,165,74
2025-02-22 18:36:25,46,163,67
2025-02-22 18:51:26,42,157,55
2025-02-22 19:06:26,36,130,51
2025-02-22 19:21:27,32,123,37
2025-02-22 19:36:28,28,109,30
2025-02-22 19:51:29,26,103,27
2025-02-22 20:06:29,20,81,19
2025-02-22 20:21:30,12,44,18
2025-02-22 20:36:31,9,38,7
2025-02-22 20:51:32,7,34,0
2025-02-22 21:06:32,2,9,0
2025-02-22 21:21:33,2,9,0
2025-02-22 21:36:34,2,9,0
2025-02-22 21:51:35,2,9,0
2025-02-22 22:06:35,2,9,0
2025-02-22 22:21:37,2,9,0
2025-02-22 22:36:38,2,9,0
2025-02-22 22:51:39,0,0,0
2025-02-22 23:06:39,0,0,0
2025-02-22 23:21:41,0,0,0
2025-02-22 23:36:42,0,0,0
2025-02-22 23:51:43,0,0,0
2025-02-23 00:06:44,0,0,0
2025-02-23 00:21:45,0,0,0
2025-02-23 00:36:45,0,0,0
2025-02-23 00:51:46,0,0,0
2025-02-23 01:06:48,0,0,0
2025-02-23 01:21:49,0,0,0
2025-02-23 01:36:50,0,0,0
2025-02-23 01:51:51,0,0,0
2025-02-23 02:06:51,0,0,0
2025-02-23 02:21:52,0,0,0
2025-02-23 02:36:52,0,0,0
2025-02-23 02:51:53,0,0,0
2025-02-23 03:06:54,0,0,0
2025-02-23 03:21:56,0,0,0
2025-02-23 03:36:58,0,0,0
2025-02-23 03:51:59,0,0,0
2025-02-23 04:07:00,0,0,0
2025-02-23 04:22:00,0,0,0
2025-02-23 04:37:01,0,0,0
2025-02-23 04:52:03,0,0,0
2025-02-23 05:07:04,0,0,0
2025-02-23 05:22:04,0,0,0
2025-02-23 05:37:06,0,0,0
2025-02-23 05:52:07,0,0,0
2025-02-23 06:07:07,0,0,0
2025-02-23 06:22:08,0,0,0
2025-02-23 06:37:08,0,0,0
2025-02-23 06:52:09,0,0,0
2025-02-23 07:07:10,0,0,0
2025-02-23 07:22:11,0,0,0
2025-02-23 07:37:11,0,0,0
2025-02-23 07:52:12,0,0,0
2025-02-23 08:07:13,0,0,0
2025-02-23 08:22:13,0,0,0
2025-02-23 08:37:15,0,0,0
2025-02-23 08:52:16,0,0,0
2025-02-23 09:07:17,13,66,0
2025-02-23 09:22:18,32,136,24
2025-02-23 09:37:18,46,157,75
2025-02-23 09:52:19,64,213,105
2025-02-23 10:07:20,72,210,149
2025-02-23 10:22:21,84,249,173
2025-02-23 10:37:21,88,274,168
2025-02-23 10:52:22,86,262,167
2025-02-23 11:07:23,93,309,158
2025-02-23 11:22:23,86,250,180
2025-02-23 11:37:24,84,252,170
2025-02-23 11:52:25,82,217,195
2025-02-23 12:07:25,79,227,166
2025-02-23 12:22:26,75,222,153
2025-02-23 12:37:27,74,228,142
2025-02-23 12:52:28,73,222,144
2025-02-23 13:07:28,70,184,168
2025-02-23 13:22:29,77,210,177
2025-02-23 13:37:30,77,204,179
2025-02-23 13:52:31,81,215,189
2025-02-23 14:07:31,87,234,202
2025-02-23 14:22:33,87,197,240
2025-02-23 14:37:34,89,234,210
2025-02-23 14:52:34,87,239,197
2025-02-23 15:07:36,91,279,175
2025-02-23 15:22:37,90,280,169
2025-02-23 15:37:39,89,265,178
2025-02-23 15:52:40,84,212,206
